{
  "generated_at_utc": "2026-02-25T11:27:20.076860+00:00",
  "device": "Rock 5B (RK3588)",
  "cpuset_cpus": "4-7",
  "warmup": 1,
  "runs": 10,
  "models": {
    "RFDETRNano": {
      "model_name": "RFDETRNano",
      "image": "bus.jpg",
      "resolution": {
        "h": 384,
        "w": 384
      },
      "config": {
        "warmup": 1,
        "runs": 10,
        "ort_intra_threads": 4,
        "ort_inter_threads": 1,
        "detector_onnx": "detection.onnx"
      },
      "full_onnx": {
        "total": {
          "mean_ms": 329.3142030001036,
          "min_ms": 312.2612239967566,
          "max_ms": 332.50777900684625,
          "std_ms": 6.319898944333056,
          "fps": 3.0366136379477244
        }
      },
      "split_onnx": {
        "backbone": {
          "mean_ms": 306.41294439847115,
          "min_ms": 303.1575939967297,
          "max_ms": 308.94619900209364,
          "std_ms": 1.5907662479860225,
          "fps": 3.2635696966495047
        },
        "detector": {
          "mean_ms": 25.921762602229137,
          "min_ms": 25.095427001360804,
          "max_ms": 26.187700001173653,
          "std_ms": 0.2928714868010506,
          "fps": 38.57762357232626
        },
        "total": {
          "mean_ms": 332.3347070007003,
          "min_ms": 329.1772959928494,
          "max_ms": 335.1338990032673,
          "std_ms": 1.5795530868759928,
          "fps": 3.0090146437756586
        }
      },
      "rknn_onnx": {
        "backbone": {
          "mean_ms": 177.46308089845115,
          "min_ms": 171.43044299155008,
          "max_ms": 192.03982499311678,
          "std_ms": 5.320483970503288,
          "fps": 5.63497486315041
        },
        "detector": {
          "mean_ms": 20.95619730098406,
          "min_ms": 18.00776200252585,
          "max_ms": 41.55505100789014,
          "std_ms": 6.881599927222941,
          "fps": 47.718581078306705
        },
        "total": {
          "mean_ms": 198.4192781994352,
          "min_ms": 189.43820499407593,
          "max_ms": 220.5307760013966,
          "std_ms": 9.045359283134081,
          "fps": 5.039832868431665
        }
      }
    },
    "RFDETRSmall": {
      "model_name": "RFDETRSmall",
      "image": "bus.jpg",
      "resolution": {
        "h": 512,
        "w": 512
      },
      "config": {
        "warmup": 1,
        "runs": 10,
        "ort_intra_threads": 4,
        "ort_inter_threads": 1,
        "detector_onnx": "detection.onnx"
      },
      "full_onnx": {
        "total": {
          "mean_ms": 639.732843299862,
          "min_ms": 618.0895510042319,
          "max_ms": 644.7191159968497,
          "std_ms": 9.112761933609162,
          "fps": 1.5631525104163988
        }
      },
      "split_onnx": {
        "backbone": {
          "mean_ms": 598.5284565991606,
          "min_ms": 596.2470230006147,
          "max_ms": 609.5173279900337,
          "std_ms": 3.861631091760887,
          "fps": 1.6707643370575915
        },
        "detector": {
          "mean_ms": 35.49097039940534,
          "min_ms": 33.28119700017851,
          "max_ms": 41.6375900094863,
          "std_ms": 2.254527911228304,
          "fps": 28.17618083547119
        },
        "total": {
          "mean_ms": 634.0194269985659,
          "min_ms": 630.344581004465,
          "max_ms": 651.15491799952,
          "std_ms": 5.827109212015843,
          "fps": 1.5772387365699156
        }
      },
      "rknn_onnx": {
        "backbone": {
          "mean_ms": 359.3858624008135,
          "min_ms": 345.5969540082151,
          "max_ms": 421.58555501373485,
          "std_ms": 24.84509367003437,
          "fps": 2.782524591589879
        },
        "detector": {
          "mean_ms": 35.190675902413204,
          "min_ms": 26.745648006908596,
          "max_ms": 87.99951200489886,
          "std_ms": 18.270428095479076,
          "fps": 28.416618162523694
        },
        "total": {
          "mean_ms": 394.5765383032267,
          "min_ms": 372.4023930117255,
          "max_ms": 451.65089301008265,
          "std_ms": 32.00256304011028,
          "fps": 2.53436254547784
        }
      }
    },
    "RFDETRMedium": {
      "model_name": "RFDETRMedium",
      "image": "bus.jpg",
      "resolution": {
        "h": 576,
        "w": 576
      },
      "config": {
        "warmup": 1,
        "runs": 10,
        "ort_intra_threads": 4,
        "ort_inter_threads": 1,
        "detector_onnx": "detection.onnx"
      },
      "full_onnx": {
        "total": {
          "mean_ms": 857.1239204000449,
          "min_ms": 814.7384829935618,
          "max_ms": 862.554042992997,
          "std_ms": 14.131575852968124,
          "fps": 1.1666924422471732
        }
      },
      "split_onnx": {
        "backbone": {
          "mean_ms": 798.8298053009203,
          "min_ms": 795.2199099963764,
          "max_ms": 813.6237500002608,
          "std_ms": 5.119998272415468,
          "fps": 1.2518311076579054
        },
        "detector": {
          "mean_ms": 49.230557699047495,
          "min_ms": 46.8816620123107,
          "max_ms": 53.44316999253351,
          "std_ms": 2.2604750441913484,
          "fps": 20.31258727786762
        },
        "total": {
          "mean_ms": 848.0603629999678,
          "min_ms": 843.9842490042793,
          "max_ms": 863.5558999958448,
          "std_ms": 5.532435492124909,
          "fps": 1.1791613470326028
        }
      },
      "rknn_onnx": {
        "backbone": {
          "mean_ms": 543.3099583038711,
          "min_ms": 482.72974501014687,
          "max_ms": 691.1553949903464,
          "std_ms": 67.56538503958696,
          "fps": 1.8405699816764705
        },
        "detector": {
          "mean_ms": 53.69376529852161,
          "min_ms": 37.0873789943289,
          "max_ms": 85.27655899524689,
          "std_ms": 19.030546204671342,
          "fps": 18.624136237052717
        },
        "total": {
          "mean_ms": 597.0037236023927,
          "min_ms": 526.3797990046442,
          "max_ms": 768.2668920024298,
          "std_ms": 73.59558232147424,
          "fps": 1.67503142855773
        }
      }
    },
    "RFDETRLarge": {
      "model_name": "RFDETRLarge",
      "image": "bus.jpg",
      "resolution": {
        "h": 704,
        "w": 704
      },
      "config": {
        "warmup": 1,
        "runs": 10,
        "ort_intra_threads": 4,
        "ort_inter_threads": 1,
        "detector_onnx": "detection.onnx"
      },
      "full_onnx": {
        "total": {
          "mean_ms": 1362.053278797248,
          "min_ms": 1335.1709920098074,
          "max_ms": 1370.0977369881002,
          "std_ms": 12.994610391825253,
          "fps": 0.7341856706831934
        }
      },
      "split_onnx": {
        "backbone": {
          "mean_ms": 1300.4469082021387,
          "min_ms": 1296.1685540067265,
          "max_ms": 1330.654606994358,
          "std_ms": 10.084359474666122,
          "fps": 0.7689664173853087
        },
        "detector": {
          "mean_ms": 52.63307899731444,
          "min_ms": 50.83221499808133,
          "max_ms": 57.86067199369427,
          "std_ms": 2.1057346543706044,
          "fps": 18.999458497402824
        },
        "total": {
          "mean_ms": 1353.0799871994532,
          "min_ms": 1348.0245039972942,
          "max_ms": 1384.6921819931595,
          "std_ms": 10.696180827997123,
          "fps": 0.7390546083456285
        }
      },
      "rknn_onnx": {
        "backbone": {
          "mean_ms": 942.287055599445,
          "min_ms": 846.2568550021388,
          "max_ms": 1207.5921350042336,
          "std_ms": 116.34196398447648,
          "fps": 1.0612477313124506
        },
        "detector": {
          "mean_ms": 69.19831130071543,
          "min_ms": 40.16032299841754,
          "max_ms": 155.1810969976941,
          "std_ms": 38.43522045515541,
          "fps": 14.451219707577765
        },
        "total": {
          "mean_ms": 1011.4853669001604,
          "min_ms": 889.2101279925555,